"","source","term_name","term_id","p_value","significant","term_size","query_size","intersection_size","precision","recall","effective_domain_size"
"1","GO:BP","response to lipopolysaccharide","GO:0032496",0.0292844519092941,TRUE,347,182,14,0.0769230769230769,0.0403458213256484,17916
"2","GO:CC","lytic vacuole","GO:0000323",0.0131565966076584,TRUE,702,93,13,0.139784946236559,0.0185185185185185,18856
"3","GO:CC","lysosome","GO:0005764",0.0131565966076584,TRUE,702,93,13,0.139784946236559,0.0185185185185185,18856
"5","GO:CC","azurophil granule","GO:0042582",0.0407878452345393,TRUE,154,181,8,0.0441988950276243,0.051948051948052,18856
"6","GO:CC","primary lysosome","GO:0005766",0.0407878452345393,TRUE,154,181,8,0.0441988950276243,0.051948051948052,18856
"7","GO:MF","receptor signaling protein tyrosine kinase inhibitor activity","GO:0030294",0.026259538777514,TRUE,1,1,1,1,1,18134
"8","GO:MF","mitogen-activated protein kinase binding","GO:0051019",0.0346305488456258,TRUE,26,57,3,0.0526315789473684,0.115384615384615,18134
"27","TF","Factor: NF-1C; motif: NYTGGCNNYNNGCCARN; match class: 1","TF:M10002_1",0.0174704400212706,TRUE,1712,188,36,0.191489361702128,0.0210280373831776,19940
"38","TF","Factor: NF1B; motif: CYTGGCNYNCWGCCAN; match class: 1","TF:M09762_1",0.0413588267371297,TRUE,1533,191,33,0.172774869109948,0.0215264187866928,19940
